/"><img src="/template/2w.cm/Images/logo.png" title="电影天堂_免费电影_OK资源网,
/?m=vod-type-id-1.html">电影片<i class="sjbgs"></i><i class="sjbgx,</i>
/?m=vod-type-id-2.html">连续剧<i class="sjbgs"></i><i class="sjbgx,</i>
/?m=vod-type-id-3.html">综艺片<i class="sjbgs"></i><i class="sjbgx,</i>
/?m=vod-type-id-4.html">动漫片<i class="sjbgs"></i><i class="sjbgx,</i>
http://jins365.com/" target="_blank,电视TV版下载
http://www.okzyw.com" target="_blank,OK资源网
/?m=vod-detail-id-36973.html,目击者201
/?m=vod-detail-id-36974.html,ACTORS
/?m=vod-detail-id-36975.html,街市风景：对
/?m=vod-detail-id-36972.html,节哀顺变第二
/?m=vod-detail-id-35638.html,闲着干嘛呢？
/?m=vod-detail-id-35431.html,权欲第六季
#" onclick="window.external.AddFavorite(&quot;http://www.kk2w.com&quot;,&quot;电影天堂_免费电影_OK资源网电影网&quot;)"><i class="jl,</i>加入收藏
/"><i class="sjbg-home,</i>
/?m=vod-type-id-5.html,动作片
/?m=vod-type-id-6.html,喜剧片
/?m=vod-type-id-7.html,爱情片
/?m=vod-type-id-8.html,科幻片
/?m=vod-type-id-9.html,恐怖片
/?m=vod-type-id-10.html,剧情片
/?m=vod-type-id-11.html,战争片
/?m=vod-type-id-16.html,纪录片
/?m=vod-type-id-12.html,国产剧
/?m=vod-type-id-13.html,港台剧
/?m=vod-type-id-14.html,日韩剧
/?m=vod-type-id-15.html,欧美剧
/?m=vod-type-id-24.html,内地综
/?m=vod-type-id-25.html,港台综
/?m=vod-type-id-26.html,日韩综
/?m=vod-type-id-27.html,欧美综
/?m=vod-type-id-19.html,国产动
/?m=vod-type-id-20.html,日韩动
/?m=vod-type-id-21.html,欧美动
/?m=vod-type-id-22.html,港台动
/?m=vod-type-id-23.html,海外动
/?m=vod-type-id-1.html,电影片
/?m=vod-type-id-2.html,连续剧
/?m=vod-type-id-3.html,综艺片
/?m=vod-type-id-4.html,动漫片
/?m=vod-type-id-1.html,电影片
/?m=vod-type-id-2.html,连续剧
/?m=vod-type-id-3.html,综艺片
/?m=vod-type-id-4.html,动漫片
/?m=art-type-id-1.html,站内新闻 
/?m=art-type-id-2.html,娱乐动态 
/?m=art-type-id-3.html,八卦爆料 
/?m=art-type-id-4.html,影片资讯 
/?m=art-type-id-5.html,明星资讯 
/?m=art-type-id-6.html,电视资讯 
/" class="on,首页
/?m=vod-type-id-1.html,电影片
/?m=vod-type-id-2.html,连续剧
/?m=vod-type-id-3.html,综艺片
/?m=vod-type-id-4.html,动漫片
/?m=vod-type-id-5.html,动作片
/?m=vod-type-id-6.html,喜剧片
/?m=vod-type-id-7.html,爱情片
/?m=vod-type-id-8.html,科幻片
/?m=vod-type-id-9.html,恐怖片
/?m=vod-type-id-10.html,剧情片
/?m=vod-type-id-11.html,战争片
/?m=vod-type-id-12.html,国产剧
/?m=vod-type-id-13.html,港台剧
/?m=vod-type-id-14.html,日韩剧
/?m=vod-type-id-15.html,欧美剧
/?m=vod-type-id-16.html,纪录片
/?m=vod-type-id-19.html,国产动
/?m=vod-type-id-20.html,日韩动
/?m=vod-type-id-21.html,欧美动
/?m=vod-type-id-22.html,港台动
/?m=vod-type-id-23.html,海外动
/?m=vod-type-id-24.html,内地综
/?m=vod-type-id-25.html,港台综
/?m=vod-type-id-26.html,日韩综
/?m=vod-type-id-27.html,欧美综
/?m=art-index.html,新闻
/index.php?m=gbook-show.html,留言
/?m=vod-type-id-5.html,动作片
/?m=vod-type-id-6.html,喜剧片
/?m=vod-type-id-7.html,爱情片
/?m=vod-type-id-8.html,科幻片
/?m=vod-type-id-9.html,恐怖片
/?m=vod-type-id-10.html,剧情片
/?m=vod-type-id-11.html,战争片
/?m=vod-type-id-16.html,纪录片
/?m=vod-type-id-1.html,更多»
/?m=vod-type-id-1.html,电影片
/?m=vod-type-id-12.html,国产剧
/?m=vod-type-id-13.html,港台剧
/?m=vod-type-id-14.html,日韩剧
/?m=vod-type-id-15.html,欧美剧
/?m=vod-type-id-2.html,更多»
/?m=vod-type-id-2.html,连续剧
/?m=vod-type-id-24.html,内地综
/?m=vod-type-id-25.html,港台综
/?m=vod-type-id-26.html,日韩综
/?m=vod-type-id-27.html,欧美综
/?m=vod-type-id-3.html,更多»
/?m=vod-type-id-3.html,综艺片
/?m=vod-type-id-19.html,国产动
/?m=vod-type-id-20.html,日韩动
/?m=vod-type-id-21.html,欧美动
/?m=vod-type-id-22.html,港台动
/?m=vod-type-id-23.html,海外动
/?m=vod-type-id-4.html,更多»
/?m=vod-type-id-4.html,动漫片
http://countt.51yes.com/index.aspx?id=179994102" target="_blank" title="51YES">count</a><iframe marginwidth="0" marginheight="0" hspace="0" vspace="0" frameborder="0" scrolling="no" src="http://count17.51yes.com/sa.htm?id=179994102&amp;refe=&amp;location=http%3A//www.kk2w.cc/&amp;color=24x&amp;resolution=1920x1080&amp;returning=9&amp;language=undefined&amp;ua=Mozilla/5.0%20%28Windows%20NT%2010.0%3B%20Win64%3B%20x64%29%20AppleWebKit/537.36%20%28KHTML%2C%20like%20Gecko%29%20Chrome/77.0.3865.75%20Safari/537.36" height="0" width="0"></iframe><script src="https://s4.cnzz.com/z_stat.php?id=1261189057&amp;web_id=1261189057" language="JavaScript"></script><script src="https://c.cnzz.com/core.php?web_id=1261189057&amp;t=z" charset="utf-8" type="text/javascript"></script><a href="https://www.cnzz.com/stat/website.php?web_id=1261189057" target="_blank" title="站长统计,站长统计
